meter,count,mean,std,min,25%,50%,75%,max
0,300817.0,142.35208687540927,332.2794726539283,0.0,14.0,50.62,140.158,9116.0
1,98666.0,139.15876937850933,379.74855223617067,0.0,0.0,20.0812,114.32749999999999,9268.8
2,67957.0,13529.303409988668,249429.88245334153,0.0,186.05,674.05,2058.7,8243400.0
3,31073.0,593.6143213304155,2045.885618158851,0.0,23.4457,137.743,552.6,92904.0
